Fiscal Code,Name,Surname,Gender,Date of Birth,Place of Birth,Date First Shot
CSNNCL00H51A703P,Nicole,Cusinato,F,11/06/2000,Bassano del Grappa,28/06/2021
TRBRCR00L30L407M,Riccardo,Trabucco,M,30/07/2000,Treviso,09/08/2021
MRTSAI99B52C957F,Asia,Martini,F,12/02/1999,Conegliano,03/07/2021
RCCNDR00T29G888M,Andrea,Rocco,M,29/12/2000,Pordenone,17/09/2021
PRVLRD00R21F839H,Leonardo,Provenzano,M,21/10/2000,Napoli,29/05/2021
FSSMTN01A69D442D,Martina,Fossani,F,29/01/2001,Este,28/06/2021
MLNSLL00T54B157E,Isabella,Molon,F,14/12/2000,Brescia,26/09/2021
MDASRN76H64C743Q,Sabrina,Amadio,F,24/06/1976,Cittadella,15/08/2021
RSSPLA64R15G224Q,Paolo,Rossi,M,15/10/1964,Padova,25/09/2021
